Workbook
Name SegmentaciónDeDatos_Plataforma: #N/A
Name SegmentaciónDeDatos_Proveedor: #N/A

Sheet Principal
A1: Klifnet Control
B6: Num | C6: interno | D6: icc | E6: msisdn | F6: imei | G6: Nombre | H6: Imei Corto | I6: imei2 | J6: Equipos | K6: Grupo | L6: Grupos | M6: Plataforma | N6: Proveedor | O6: Vencimiento | P6: Plat Num | Q6: Arrendam | R6: Precio | S6: Periodos
B7: =600+Tabla3[[#This Row],[interno]] -> 616 | C7: 16 | D7: 3331156832 | E7: 8952020920150232311 | F7: 3030690 | G7: Miniban | H7: 3030690 | I7: 3030690 | J7: Cellocator CR300 | K7: LMarquez | L7: Klifnet_mgr | M7: wialon | N7: 04 Telcel | P7: 1
B8: =600+Tabla3[[#This Row],[interno]] -> 635 | C8: 35 | D8: 3781166901 | E8: 8952020220552713491 | F8: 3032746 | G8: KingRanch | H8: 3032746 | I8: 3032746 | J8: Cellocator CR300 | K8: EdificacionBR | L8: Klifnet_mgr | M8: Wialon | N8: 04 Telcel | P8: 1
B9: 71 | C9: 71 | D9: 8934075200001756186 | E9: 345901005893932 | F9: 007288520 | G9: Kenwort 832-AR5 | H9: 007288520 | I9: 356430072885204 | J9: Suntech ST300R | K9: TransportesGomo | L9: Klifnet_mgr | M9: Wialon | N9: 01 Emprenet | P9: 1
B10: 115 | C10: 115 | D10: 8934076200000602976 | E10: 345901007849287 | F10: 007354146 | G10: CHEVROLET CORRALES | H10: 007354146 | I10: 356430073541467 | J10: Suntech ST300R | K10: Zacaula2 | L10: Klifnet_mgr | M10: Wialon | N10: 01 Emprenet | P10: 1
B11: 116 | C11: 116 | D11: 8934076200000602984 | E11: 345901007873411 | F11: 007354147 | G11: C-NP300 (7) Mensajeria ALDAIR | H11: 007354147 | I11: 356430073541475 | J11: Suntech ST300R | K11: Sistelec | L11: Grupo Aconcagua | M11: Wialon | N11: 01 Emprenet | P11: 1
B12: 514 | C12: 314 | D12: 8988303000007662282 | F12: 007354271 | G12: Ford | H12: 007354271 | I12: 356430073542713 | J12: Suntech ST300R | K12: ElMundoPAG | L12: Klifnet_mgr | M12: Wialon | N12: 02 Emnify
B13: 103 | C13: 103 | D13: 8934076200000588274 | E13: 345901007885597 | F13: 007391151 | G13: F-350 | H13: 007391151 | I13: 356430073911512 | J13: Suntech ST300R | K13: Plasticos_VPSA | L13: Klifnet_mgr | M13: Wialon | N13: 01 Emprenet | P13: 1
B14: 98 | C14: 98 | D14: 8934076200000586765 | E14: 345901007840852 | F14: 007391801 | G14: ( ) GDL Ford 2019 F-550 JW16700 J. Luis Bernardino | H14: 007391801 | I14: 356430073918012 | J14: Suntech ST300R | K14: Austin_GDL | L14: Austin Powder | M14: Wialon | N14: 01 Emprenet | P14: 1
B15: 94 | C15: 94 | D15: 8934076200000586716 | E15: 345901007872003 | F15: 007391803 | G15: GDL 16 Ford 3.5 Tons | H15: 007391803 | I15: 356430073918038 | J15: Suntech ST300R | K15: GrupoAconcaguaGDL | L15: Grupo Aconcagua | M15: Wialon | N15: 01 Emprenet | P15: 1
B16: 101 | C16: 101 | D16: 8934076200000587052 | E16: 345901007841498 | F16: 007391816 | G16: ( ) GDL Ford F-350 JW17183 David D | H16: 007391816 | I16: 356430073918160 | J16: Suntech ST300R | K16: Austin_Explosivos | L16: Austin Powder | M16: Wialon | N16: 01 Emprenet | P16: 1
B17: 102 | C17: 102 | D17: 8934076200000587060 | E17: 345901007887289 | F17: 007391817 | G17: ( ) GDL Ford F350 JW17184 David D | H17: 007391817 | I17: 356430073918178 | J17: Suntech ST300R | K17: Austin_Explosivos | L17: Austin Powder | M17: Wialon | N17: 01 Emprenet | P17: 1
B18: 100 | C18: 100 | D18: 8934076200000587011 | E18: 345901007887420 | F18: 007442030 | G18: CAMIONETA VW ROBUST | H18: 007442030 | I18: 356430074420307 | J18: Suntech ST300R | K18: Logyca | L18: Klifnet_mgr | M18: Wialon | N18: 01 Emprenet | P18: 1
B19: 54 | C19: 54 | D19: 8934072400005801904 | E19: 345901007627849 | F19: 008441190 | G19: ( ) GDL NP300 2021 JX03401 Jorge Garcia | H19: 008441190 | I19: 352580084411904 | J19: Suntech ST600R | K19: Sidney_Explosivos | L19: Austin Powder | M19: Wialon | N19: 01 Emprenet | P19: 1
B20: 69 | C20: 69 | D20: 8934075200001755840 | E20: 345901005875288 | F20: 008441204 | G20: GDL 14 International | H20: 008441204 | I20: 352580084412043 | J20: Suntech ST600R | K20: GrupoAconcaguaGDL | L20: Grupo Aconcagua | M20: Wialon | N20: 01 Emprenet | P20: 1
B21: 52 | C21: 52 | D21: 8934072400005801870 | E21: 345901007685628 | F21: 008508003 | G21: TRACTO FREIGHTLINE | H21: 008508003 | I21: 352580085080039 | J21: Suntech ST600R | K21: Logyca | L21: Klifnet_mgr | M21: Wialon | N21: 01 Emprenet | P21: 1
B22: 61 | C22: 61 | D22: 8934075200001755659 | E22: 345901005874740 | F22: 008595223 | G22: Jamoneta | H22: 008595223 | I22: 352580085952237 | J22: Suntech ST600R | K22: SandraDennisse | L22: Klifnet_mgr | M22: Wialon | N22: 01 Emprenet | P22: 1
B23: 567 | C23: 128 | D23: 8934077200000974127 | E23: 345901005488216 | F23: 008598594 | G23: Ram 4500 | H23: 008598594 | I23: 352580085985948 | J23: Suntech ST600R | K23: UniversalAzulejos | L23: Klifnet_mgr | M23: Wialon | N23: 15 Baja Emprenet | P23: 1
B24: =600+Tabla3[[#This Row],[interno]] -> 610 | C24: 10 | D24: 3331156603 | E24: 3331156603 | F24: 010052530 | G24: Nissan M1 | H24: 010052530 | J24: Suntech ST600R | K24: GrupoAconcaguaNorte | L24: Grupo Aconcagua | M24: Wialon | N24: 04 Telcel | P24: 1
B25: =600+Tabla3[[#This Row],[interno]] -> 622 | C25: 22 | D25: 3339561780 | E25: 3339561780 | F25: 010057207 | G25: MTY CG-04 | H25: 010057207 | J25: Suntech ST600R | K25: GrupoAconcaguaNorte | L25: Grupo Aconcagua | M25: Wialon | N25: 04 Telcel | P25: 1
B26: =600+Tabla3[[#This Row],[interno]] -> 607 | C26: 7 | D26: 3316026798 | E26: 3316026798 | F26: 010057798 | G26: MTY CG-13 | H26: 010057798 | J26: Suntech ST600R | K26: GrupoAconcaguaNorte | L26: Grupo Aconcagua | M26: Wialon | N26: 04 Telcel | P26: 1
B27: 434 | C27: 234 | D27: 8988303000007662185 | E27: Emnify | F27: 010070280 | G27: GDL 10 International/cambio sim emnify | H27: 010070280 | J27: Suntech ST600R | K27: GrupoAconcaguaGDL | L27: Grupo Aconcagua | M27: Wialon | N27: 02 Emnify
B28: 291 | C28: 91 | D28: 8988303000006249362 | E28: Emnify | F28: 010169932 | G28: Isuzu PF-41-279 | H28: 010169932 | J28: Suntech ST600R | K28: GQGLOBAL | L28: Klifnet_mgr | M28: Wialon | N28: 02 Emnify
B29: 292 | C29: 92 | D29: 8988303000006249363 | E29: Emnify | F29: 010170100 | G29: Isuzu PF-41-278 | H29: 010170100 | J29: Suntech ST600R | K29: GQGLOBAL | L29: Klifnet_mgr | M29: Wialon | N29: 02 Emnify
B30: 294 | C30: 94 | D30: 8988303000006249365 | E30: Emnify | F30: 010178193 | G30: camion 4 | H30: 010178193 | J30: Suntech ST600R | K30: GQGLOBAL | L30: Klifnet_mgr | M30: Wialon | N30: 02 Emnify
B31: 293 | C31: 93 | D31: 8988303000006249364 | E31: Emnify | F31: 010178850 | G31: Isuzu PF-32-761 Eco 03 | H31: 010178850 | J31: Suntech ST600R | K31: GQGLOBAL | L31: Klifnet_mgr | M31: Wialon | N31: 02 Emnify
B32: 304 | C32: 104 | D32: 8988303000006249375 | E32: Emnify | F32: 010179000 | G32: Cascadia 02 | H32: 010179000 | I32: 353380101790003 | J32: Suntech ST600R | K32: TransportesMS | L32: Klifnet_mgr | M32: Wialon | N32: 02 Emnify | O32: baja Suspensión
B33: 27 | C33: 27 | D33: 8934072100260760502 | E33: 345901005027993 | F33: 205222098 | G33: SO-N77 | H33: 205222098 | I33: 358222052220983 | J33: Suntech ST300R | K33: TransportesSolorio | L33: Klifnet_mgr | M33: Wialon | N33: 01 Emprenet | P33: 1
B34: 4 | C34: 4 | D34: 8934071100292767278 | E34: 345901000869321 | F34: 205452049 | G34: M-04 | H34: 205452049 | I34: 358222054520497 | J34: Suntech ST300R | K34: MutualidadMinerva | L34: Klifnet_mgr | M34: Wialon | N34: 01 Emprenet | P34: 1
B35: 13 | C35: 13 | D35: 8934072100260760205 | E35: 345901000198463 | F35: 205475417 | G35: Ranger MSV-0608 | H35: 205475417 | I35: 358222054754179 | J35: Suntech ST300R | K35: Vika | L35: Klifnet_mgr | M35: Wialon | N35: 01 Emprenet | P35: 1
B36: 12 | C36: 12 | D36: 8934072100260760197 | E36: 345901005013578 | F36: 205475420 | G36: Nissan NP300 | H36: 205475420 | I36: 358222054754203 | J36: Suntech ST300R | K36: Vika | L36: Klifnet_mgr | M36: Wialon | N36: 01 Emprenet | P36: 1
B37: 16 | C37: 16 | D37: 8934072100260760304 | E37: 345901000245790 | F37: 205475493 | G37: ( ) GDL Ranger FB85711 - Antonio Rios | H37: 205475493 | I37: 358222054754930 | J37: Suntech ST300R | K37: Sidney_GDL | L37: Austin Powder | M37: Wialon | N37: 01 Emprenet | P37: 1
B38: 17 | C38: 17 | D38: 8934072100260760312 | E38: 345901000297968 | F38: 205475494 | G38: #04 International JU-51 132 | H38: 205475494 | I38: 358222054754948 | J38: Suntech ST300R | K38: Grupo AconcaguaMX | L38: Grupo Aconcagua | M38: Wialon | N38: 01 Emprenet | P38: 1
B39: 15 | C39: 15 | D39: 8934072100260760247 | E39: 345901000207797 | F39: 205475495 | G39: ( ) GDL L200 FB86301 - JULIO GOMEZ | H39: 205475495 | I39: 358222054754955 | J39: Suntech ST300R | K39: Sidney_GDL | L39: Austin Powder | M39: Wialon | N39: 01 Emprenet | P39: 1
B40: 22 | C40: 22 | D40: 8934072100260760395 | E40: 345901005016752 | F40: 205475497 | G40: GDL 01 International | H40: 205475497 | I40: 358222054754971 | J40: Suntech ST300R | K40: GrupoAconcaguaGDL | L40: Grupo Aconcagua | M40: Wialon | N40: 01 Emprenet | P40: 1
B41: 23 | C41: 23 | D41: 8934072100260760403 | E41: 345901000679862 | F41: 205475499 | G41: GDL 11 Dina | H41: 205475499 | I41: 358222054754997 | J41: Suntech ST300R | K41: GrupoAconcaguaGDL | L41: Grupo Aconcagua | M41: Wialon | N41: 01 Emprenet | P41: 1
B42: 18 | C42: 18 | D42: 8934072100260760320 | E42: 345901000243486 | F42: 205475504 | G42: ( ) GDL Jeep Patriot-ALVARO MINAKATA | H42: 205475504 | I42: 358222054755044 | J42: Suntech ST300R | K42: Sidney_GDL | L42: Austin Powder | M42: Wialon | N42: 01 Emprenet | P42: 1
B43: 21 | C43: 21 | D43: 8934072100260760387 | E43: 345901005049007 | F43: 205475505 | G43: ( ) GDL NP300 EXPLOSIVOS - David D. | H43: 205475505 | I43: 358222054755051 | J43: Suntech ST300R | K43: Austin_Explosivos | L43: Austin Powder | M43: Wialon | N43: 01 Emprenet | P43: 1
B44: 19 | C44: 19 | D44: 8934072100260760338 | E44: 345901005017951 | F44: 205475506 | G44: ( ) GDL Hilux GRIS SWF - CHOFERES | H44: 205475506 | I44: 358222054755069 | J44: Suntech ST300R | K44: Austin_GDL | L44: Austin Powder | M44: Wialon | N44: 01 Emprenet | P44: 1
... B63: 46 | C63: 46 | D63: 8934072100260950756 | E63: 345901005049609 | F63: 205913843 | G63: T-Tiida Dorado TXT | H63: 205913843 | I63: 358222059138436 | J63: Suntech ST300R | K63: Sistelec | L63: Grupo Aconcagua | M63: Wialon | N63: 01 Emprenet | P63: 1
B64: =600+Tabla3[[#This Row],[interno]] -> 620 | C64: 20 | D64: 3331157108 | E64: 8952020920150232329 | F64: 205913844 | G64: Jeep Rojo | H64: 205913844 | I64: 205913844 | J64: Suntech ST300R | K64: AgricolaCharay | L64: Klifnet_mgr | M64: Wialon | N64: 04 Telcel | P64: 1
B65: 44 | C65: 44 | D65: 8934072100260950731 | E65: 345901005049590 | F65: 205913845 | G65: X-Grua (31) CHRISTIAN | H65: 205913845 | I65: 358222059138451 | J65: Suntech ST300R | K65: Sistelec | L65: Grupo Aconcagua | M65: Wialon | N65: 01 Emprenet | P65: 1
B66: 113 | C66: 113 | D66: 8934076200000596798 | E66: 345901007890637 | F66: 205929247 | G66: (62) Dgo Colorado FB-86317 Emerson | H66: 205929247 | I66: 358222059292472 | J66: Suntech ST300R | K66: IMI Durango | L66: Austin Powder | M66: Wialon | N66: 01 Emprenet | P66: 1
B67: 713 | C67: 13 | D67: 8988303000000851283 | E67: 423663910347195 | F67: 470000091 | G67: Kia Rio JPE-8316 | H67: 0470000091 | I67: 866425037306870 | J67: Suntech ST4300 | K67: GrupoAconcaguaNorte | L67: Grupo Aconcagua | M67: Wialon | N67: 05 WeMobile
B68: 711 | C68: 11 | D68: 8988303000000851281 | E68: 423663910347193 | F68: 0470000092 | G68: CE (09) Mack EY-2187-A | H68: 0470000092 | I68: 8664250372965207 | J68: Suntech ST4300 | K68: IMI Durango | L68: Austin Powder | M68: Wialon | N68: 05 WeMobile | P68: 1
B69: 712 | C69: 12 | D69: 8988303000000851282 | E69: 423663910347194 | F69: 0470000093 | G69: (27) GDL Dodge RAM 2013 - Ediberto Patricio | H69: 0470000093 | I69: 8664250373043507 | J69: Suntech ST4300 | K69: Sidney_Explosivos | L69: Austin Powder | M69: Wialon | N69: 05 WeMobile | P69: 1
B70: 715 | C70: 15 | D70: 8988303000000851285 | E70: 423663910347197 | F70: 0470000094 | G70: Grua 01 | H70: 0470000094 | I70: 866425037306554 | J70: Suntech ST4300 | K70: MutualidadMinerva | L70: Klifnet_mgr | M70: Wialon | N70: 05 WeMobile | P70: 1
B71: 55 | C71: 55 | D71: 8934072400005802027 | E71: 345901007616148 | F71: 0470000195 | G71: (89) Zac L200 FM 9823-A Blenda D. Molina | H71: 0470000195 | I71: 866425036865287 | J71: Suntech ST4300 | K71: IMI Durango | L71: Austin Powder | M71: Wialon | N71: 01 Emprenet | P71: 1
B72: 714 | C72: 14 | D72: 8988303000000851284 | E72: 423663910347196 | F72: 0470000196 | G72: (23) GDL KW 2013 Torton - J. de Jesús Larios | H72: 0470000196 | I72: 8664250377168407 | J72: Suntech ST4300 | K72: Sidney_Explosivos | L72: Austin Powder | M72: Wialon | N72: 05 WeMobile | P72: 1
B73: 59 | C73: 59 | D73: 8934072400005802068 | E73: 345901007656736 | F73: 0470000197 | G73: (72) Mzt HILUX FB86319 Rogelio Romero | H73: 0470000197 | I73: 866425037300680 | J73: Suntech ST4300 | K73: IMI Durango | L73: Austin Powder | M73: Wialon | N73: 01 Emprenet | P73: 1
B74: =600+Tabla3[[#This Row],[interno]] -> 603 | C74: 3 | D74: 3313332011 | E74: 8952020519253443294 | F74: 0470000198 | G74: Mustang | H74: 0470000198 | J74: Suntech ST4340 | K74: Vika | L74: Klifnet_mgr | M74: Wialon | N74: 04 Telcel | P74: 1
B75: 710 | C75: 10 | D75: 8988303000000851280 | E75: 423663910347192 | F75: 0470000199 | G75: MTY CG-17 Kodiak | H75: 0470000199 | I75: 8664250373617307 | J75: Suntech ST4300 | K75: GrupoAconcaguaNorte | L75: Grupo Aconcagua | M75: Wialon | N75: 05 WeMobile | P75: 1
B76: 56 | C76: 56 | D76: 8934072400005802035 | E76: 345901007663437 | F76: 0470000200 | G76: (90)Dgo L200 ER 0367-A Hazael | H76: 0470000200 | I76: 866425037698141 | J76: Suntech ST4300 | K76: IMI Durango | L76: Austin Powder | M76: Wialon | N76: 01 Emprenet | P76: 1
B77: 717 | C77: 17 | D77: 8988303000000851287 | E77: 423663910347199 | F77: 0470000248 | G77: (PTC) Hilux FB-86320 Arnoldo Valenzuela | H77: 0470000248 | I77: 8652840404930702 | J77: Suntech ST4300 | K77: Pitic Hermosillo | L77: Austin Powder | M77: Wialon | N77: 05 WeMobile | P77: 1
B78: 716 | C78: 16 | D78: 8988303000000851286 | E78: 423663910347198 | F78: 0470000249 | G78: (PTC) (92) L200 ER-0183A Sukai Alfaro | H78: 0470000249 | I78: 8652840404852202 | J78: Suntech ST4300 | K78: Pitic Hermosillo | L78: Austin Powder | M78: Wialon | N78: 05 WeMobile | P78: 1
B79: 726 | C79: 26 | D79: 8988303000000851377 | E79: 423663910347289 | F79: 0470000333 | G79: ( )DGO L200 FL-3615-B Matias Gutierrez | H79: 0470000333 | I79: 866425037384502 | J79: Suntech ST4300 | K79: IMI Durango | L79: Austin Powder | M79: Wialon | N79: 05 WeMobile | P79: 1
B80: 718 | C80: 18 | D80: 8988303000000851289 | E80: 423663910347201 | F80: 0470000341 | G80: C11-Grua (11) TORTON ALONSO | H80: 0470000341 | I80: 866425037368349 | J80: Suntech ST4300 | K80: Sistelec | L80: Grupo Aconcagua | M80: Wialon | N80: 05 WeMobile | P80: 1
B81: 58 | C81: 58 | D81: 8934072400005802050 | E81: 345901007643918 | F81: 0470000343 | G81: Nissan Tomas | H81: 0470000343 | I81: 866425037295286 | J81: Suntech ST4300 | K81: TornimasterMty | L81: Klifnet_mgr | M81: Wialon | N81: 01 Emprenet | P81: 1
B82: =800+Tabla3[[#This Row],[interno]] -> 812 | C82: 12 | F82: 0520000094 | G82: Kenworth 403-AM4 | H82: 0520000094 | I82: 8952020518651522634 | J82: Suntech ST600-UP | K82: TransportesPerez | L82: Klifnet_mgr | M82: Wialon | N82: 09 Telcel Bajas | P82: 1
B83: =600+Tabla3[[#This Row],[interno]] -> 631 | C83: 31 | D83: 3781166876 | E83: 3781166876 | F83: 0520000095 | G83: Kenworth 331-AP2 | H83: 0520000095 | I83: 8952020518651522626 | J83: Suntech ST600-UP | K83: TransportesPerez | L83: Klifnet_mgr | M83: Wialon | N83: 04 Telcel | P83: 1
B84: =600+Tabla3[[#This Row],[interno]] -> 634 | C84: 34 | D84: 3781166879 | E84: 3781166879 | F84: 0520000261 | G84: (63) Dgo Jetta FNM-7528 Benjamin Sotero | H84: 0520000261 | J84: Suntech ST600-UP | K84: IMI Durango | L84: Austin Powder | M84: Wialon | N84: 04 Telcel | P84: 1
B85: =600+Tabla3[[#This Row],[interno]] -> 608 | C85: 8 | D85: 3316056794 | E85: 3316056794 | F85: 0520000262 | G85: E (52) Dgo International FB-86326 Jose Herrera | H85: 0520000262 | J85: Suntech ST600-UP | K85: IMI Durango | L85: Austin Powder | M85: Wialon | N85: 04 Telcel | P85: 1
B86: 719 | C86: 19 | D86: 8988303000000851368 | E86: 423663910347280 | F86: 0520000611 | G86: ( ) CHIH L-200 FM9807A Roberto Isaac Navarro | H86: 0520000611 | I86: 8664250368425207 | J86: Suntech ST4300 | K86: AustinTorreon | L86: Austin Powder | M86: Wialon | N86: 05 WeMobile | P86: 1
B87: 720 | C87: 20 | D87: 8988303000000851369 | E87: 423663910347281 | F87: 0520000613 | G87: ( ) CHIH L-200 FM9805A Enrique Martinez | H87: 0520000613 | I87: 8664250373100307 | J87: Suntech ST4300 | K87: AustinTorreon | L87: Austin Powder | M87: Wialon | N87: 05 WeMobile | P87: 1
B88: 721 | C88: 21 | D88: 8988303000000851370 | E88: 423663910347282 | F88: 0520000619 | G88: ( ) CHIH L-200 FU0543A Ricardo Medina | H88: 0520000619 | I88: 8664250373348007 | J88: Suntech ST4300 | K88: AustinTorreon | L88: Austin Powder | M88: Wialon | N88: 05 WeMobile | P88: 1
B89: 722 | C89: 22 | D89: 8988303000000851371 | E89: 423663910347283 | F89: 0520000622 | G89: ( ) TRC Ranger FM-9849a Salvador Muñoz | H89: 0520000622 | I89: 8664250373872707 | J89: Suntech ST4300 | K89: AustinTorreon | L89: Austin Powder | M89: Wialon | N89: 05 WeMobile | P89: 1
B90: 723 | C90: 23 | D90: 8988303000000851373 | E90: 423663910347285 | F90: 0520002358 | G90: C-NP300 (9) 2020 (9) SALVADOR | H90: 0520002358 | I90: '868446039121831 | J90: Suntech ST4300 | K90: Sistelec | L90: Grupo Aconcagua | M90: Wialon | N90: 05 WeMobile | P90: 1
B91: 724 | C91: 24 | D91: 8988303000000851375 | E91: 423663910347287 | F91: 0520002365 | G91: (00)DGO FORD F150 JN 47054 Carlos Martinez | H91: 0520002365 | I91: 868446039016130 | J91: Suntech ST4300 | K91: IMI Durango | L91: Austin Powder | M91: Wialon | N91: 05 WeMobile | P91: 1
B92: 725 | C92: 25 | D92: 8988303000000851376 | E92: 423663910347288 | F92: 0520002366 | G92: (00)Zac L200 EU1296A Ulises Morales | H92: 0520002366 | I92: 868446038993438 | J92: Suntech ST4300 | K92: IMI Durango | L92: Austin Powder | M92: Wialon | N92: 05 WeMobile | P92: 1
B93: 701 | C93: 1 | D93: 8988303000000851226 | E93: 423663910347138 | F93: 0520003308 | G93: C3- Grua Chev PATIO CTH | H93: 0520003308 | I93: 862785047530293 | J93: Suntech ST4300 | K93: Sistelec | L93: Grupo Aconcagua | M93: Wialon | N93: 05 WeMobile | P93: 1
B94: 704 | C94: 4 | D94: 8988303000000851231 | E94: 423663910347143 | F94: 0520003803 | G94: Spark Tornimaster | H94: 0520003803 | I94: 862785047544361 | J94: Suntech ST4300 | K94: Tornimaster | L94: Klifnet_mgr | M94: wialon | N94: 05 WeMobile | O94: Cancelar | P94: 1
B95: 703 | C95: 3 | D95: 8988303000000851230 | E95: 423663910347142 | F95: 0520003804 | G95: ( ) GDL L200 JW58604 - Edgar Olivares | H95: 0520003804 | I95: 862785047562510 | J95: Suntech ST4300 | K95: Sidney_GDL | L95: Austin Powder | M95: wialon | N95: 05 WeMobile | P95: 1
B96: 706 | C96: 6 | D96: 8988303000000851233 | E96: 423663910347145 | F96: 0520003805 | G96: C4-Grua -Mercedes (4) NAVA | H96: 0520003805 | I96: 862785047676197 | J96: Suntech ST4300 | K96: Sistelec | L96: Grupo Aconcagua | M96: wialon | N96: 05 WeMobile | P96: 1
B97: 705 | C97: 5 | D97: 8988303000000851232 | E97: 423663910347144 | F97: 0520003806 | G97: GDL-Tiida Gris | H97: 0520003806 | I97: 862785047576783 | J97: Suntech ST4300 | K97: GrupoAconcaguaGDL | L97: Grupo Aconcagua | M97: wialon | N97: 05 WeMobile | P97: 1
B98: 702 | C98: 2 | D98: 8988303000000851229 | E98: 423663910347141 | F98: 0520003807 | G98: ( ) GDL L200 JW58457 - Francisco Mejia | H98: 0520003807 | I98: 862785047561266 | J98: Suntech ST4300 | K98: Sidney_GDL | L98: Austin Powder | M98: Wialon | N98: 05 WeMobile | P98: 1
B99: 261 | C99: 61 | D99: 8988303000006249317 | E99: Emnify | F99: 0520049489 | G99: (PTC) L200 FA-3882-A VANESSA VIDAL | H99: 0520049489 | I99: 860640053954618 | J99: Suntech ST4340 | K99: Pitic Hermosillo | L99: Austin Powder | M99: Wialon | N99: 02 Emnify
B100: 262 | C100: 62 | D100: 8988303000006249318 | E100: Emnify | F100: 0520049490 | G100: ( ) TOR L200 FL-4258B | H100: 0520049490 | I100: 860640054222163 | J100: Suntech ST4340LC | K100: AustinTorreon | L100: Austin Powder | M100: Wialon | N100: 02 Emnify
B101: 263 | C101: 63 | D101: 8988303000006249319 | E101: Emnify | F101: 0520049491 | G101: (186) GMC-Terrain-2021-GDY360B-MARTIN ADAME ESCAM | H101: 0520049491 | I101: 860640054114774 | J101: Suntech ST4340LC | K101: AustinTorreon | L101: Austin Powder | M101: Wialon | N101: 02 Emnify
B102: 264 | C102: 64 | D102: 8988303000006249320 | E102: Emnify | F102: 0520049492 | G102: ( ) DGO L200 RCW-878-A | H102: 0520049492 | I102: 860640054045408 | J102: Suntech ST4340LC | K102: IMI Durango | L102: Austin Powder | M102: Wialon | N102: 02 Emnify
B103: 265 | C103: 65 | D103: 8988303000006249321 | E103: Emnify | F103: 0520049493 | G103: ( ) DGO RAM FB-84-753 | H103: 0520049493 | I103: 860640054229028 | J103: Suntech ST4340LC | K103: IMI Durango | L103: Austin Powder | M103: Wialon | N103: 02 Emnify
B104: 266 | C104: 66 | D104: 8988303000006249322 | E104: Emnify | F104: 0520049594 | G104: (83) DGO Kenworth FB-86-342 | H104: 0520049594 | I104: 860640054216116 | J104: Suntech ST4340LC | K104: IMI Durango | L104: Austin Powder | M104: Wialon | N104: 02 Emnify
B105: 267 | C105: 67 | D105: 8988303000006249323 | E105: Emnify | F105: 0520049595 | G105: C13- Ford XX-3177-A RENE | H105: 0520049595 | I105: 860640054228954 | J105: Suntech ST4340LC | K105: Sistelec | L105: Grupo Aconcagua | M105: Wialon | N105: 02 Emnify
B106: 268 | C106: 68 | D106: 8988303000006249324 | E106: Emnify | F106: 0520049596 | G106: ( ) DGO L200 EU-1297-A | H106: 0520049596 | I106: 860640054202389 | J106: Suntech ST4340LC | K106: IMI Durango | L106: Austin Powder | M106: Wialon | N106: 02 Emnify
B107: 269 | C107: 69 | D107: 8988303000006249325 | E107: Emnify | F107: 0520049597 | G107: E (45) ZAC FORD FB 86323 Antonio Ramirez Valdez | H107: 0520049597 | I107: 860640054215993 | J107: Suntech ST4340LC | K107: IMI Durango | L107: Austin Powder | M107: Wialon | N107: 02 Emnify
B108: 270 | C108: 70 | D108: 8988303000006249326 | E108: Emnify | F108: 0520049598 | G108: ( ) DGO L200 FM-7113-B | H108: 0520049598 | I108: 860640054202462 | J108: Suntech ST4340LC | K108: IMI Durango | L108: Austin Powder | M108: Wialon | N108: 02 Emnify
B109: 344 | C109: 144 | D109: 8988303000006746910 | E109: Emnify | F109: 0520056247 | G109: Grua 1 UJ-62-997 | H109: 0520056247 | I109: 867198053131490 | J109: Suntech ST4340LC | K109: GRFinancial | L109: Klifnet_mgr | M109: Wialon | N109: 02 Emnify
B110: 347 | C110: 147 | D110: 8988303000006746913 | E110: Emnify | F110: 0520056248 | G110: Nissan GT-0095B | H110: 0520056248 | I110: 867198053223537 | J110: Suntech ST4340LC | K110: Pymafi | L110: Klifnet_mgr | M110: Wialon | N110: 02 Emnify | O110: baja robo
B111: 348 | C111: 148 | D111: 8988303000006746914 | E111: Emnify | F111: 0520056249 | G111: Hino GR-6906C | H111: 0520056249 | I111: 867198053135963 | J111: Suntech ST4340LC | K111: Pymafi | L111: Klifnet_mgr | M111: Wialon | N111: 02 Emnify
B112: 349 | C112: 149 | D112: 8988303000006746915 | E112: Emnify | F112: 0520056250 | G112: Nissan GT-0094B | H112: 0520056250 | I112: 867198053172072 | J112: Suntech ST4340LC | K112: Pymafi | L112: Klifnet_mgr | M112: Wialon | N112: 02 Emnify
B113: 345 | C113: 145 | D113: 8988303000006746911 | E113: Emnify | F113: 0520056251 | G113: Grua 2 UG-33-210 Int | H113: 0520056251 | I113: 867198053171314 | J113: Suntech ST4340LC | K113: GRFinancial | L113: Klifnet_mgr | M113: Wialon | N113: 02 Emnify
B114: 729 | C114: 29 | D114: 8988303000004956586 | E114: 423663920045211 | F114: 0680001743 | G114: DAVID | H114: 0680001743 | I114: 8652840404852202 | J114: Suntech ST4310 | K114: CorpAricar | L114: Klifnet_mgr | M114: wialon | N114: 05 WeMobile | P114: 1
B115: 728 | C115: 28 | D115: 8988303000004956585 | E115: 423663920045210 | F115: 0680001744 | G115: JONATHAN | H115: 0680001744 | I115: 8652840406456402 | J115: Suntech ST4310 | K115: CorpAricar | L115: Klifnet_mgr | M115: wialon | N115: 05 WeMobile | P115: 1
B116: 730 | C116: 30 | D116: 8988303000004956587 | E116: 423663920045212 | F116: 0680001745 | G116: MANUEL | H116: 0680001745 | I116: 8652840404930702 | J116: Suntech ST4310 | K116: CorpAricar | L116: Klifnet_mgr | M116: wialon | N116: 05 WeMobile | P116: 1
B117: 727 | C117: 27 | D117: 8988303000004956584 | E117: 423663920045209 | F117: 0680001746 | G117: (E25) Kenworth-T370-2010-FL9471A-ANGEL-FT40383 | H117: 0680001746 | I117: 8652840405647702 | J117: Suntech ST4310 | K117: Austin_Explosivos | L117: Austin Powder | M117: wialon | N117: 05 WeMobile | P117: 1
B118: 736 | C118: 36 | D118: 8988303000004956593 | E118: 423663920045218 | F118: 0680002559 | G118: (140) Mitsubishi-L200-2010-FB86304-Leticia Mtz | H118: 0680002559 | I118: 865284040650396 | J118: Suntech ST4310 | K118: Austin_Explosivos | L118: Austin Powder | M118: wialon | N118: 05 WeMobile | O118: Cancelar | P118: 1
B119: 732 | C119: 32 | D119: 8988303000004956589 | E119: 423663920045214 | F119: 0680002560 | G119: ( ) GDL Hilux JS14283 Ángel Rodriguez | H119: 0680002560 | I119: 865284040656922 | J119: Suntech ST4310 | K119: Austin_Explosivos | L119: Austin Powder | M119: wialon | N119: 05 WeMobile | P119: 1
B120: 380 | C120: 180 | D120: 8988303000006747246 | E120: Emnify | F120: 0680009942 | G120: Tornado | H120: 0680009942 | I120: 868923057178018 | J120: Suntech ST4310 | K120: MexicanaEnvases | L120: Klifnet_mgr | M120: Wialon | N120: 02 Emnify
B121: 202 | C121: 2 | D121: 8988303000005733715 | E121: Emnify | F121: 0680012388 | G121: (PTC) L200 FM-9976-A Ana Flores | H121: 0680012388 | I121: 868923058819321 | J121: Suntech ST4310 | K121: Pitic Hermosillo | L121: Austin Powder | M121: Wialon | N121: 02 Emnify | P121: 1
B122: 203 | C122: 3 | D122: 8988303000005733716 | E122: Emnify | F122: 0680012389 | G122: (PTC) L200 FL-6297A Victor Mendivil | H122: 0680012389 | I122: 868923058819354 | J122: Suntech ST4310 | K122: Pitic Hermosillo | L122: Austin Powder | M122: Wialon | N122: 02 Emnify | P122: 1
...

Sheet StockEmprenet
B1: 8934071200001278284 | C1: 345901012473523 | G1: 356614028649299 | K1: Stock | L1: Emprenet
B2: 8934071200001278383 | C2: 345901012473524 | K2: Stock | L2: Emprenet
B3: 8934071200001278367 | C3: 345901012473537 | K3: Stock | L3: Emprenet
B4: 8934071200001278359 | C4: 345901012477405 | K4: Stock | L4: Emprenet
B5: 8934071200001277989 | C5: 345901012477406 | K5: Stock | L5: Emprenet
B6: 8934071200001278391 | C6: 345901012472066 | K6: Stock | L6: Emprenet
B7: 8934071200001278375 | C7: 345901012472064 | K7: Stock | L7: Emprenet
B8: 8934071200001278268 | C8: 345901012475675 | K8: Stock | L8: Emprenet
B9: 8934071200001278276 | C9: 345901012473592 | K9: Stock | L9: Emprenet
B10: 8934071200001278334 | C10: 345901012473631 | K10: Stock | L10: Emprenet
B11: 8934071200001278243 | C11: 345901012473633 | K11: Stock | L11: Emprenet
B12: 8934071200001277997 | C12: 345901012477465 | K12: Stock | L12: Emprenet
B13: 8934071200001278292 | C13: 345901012473933 | K13: Stock | L13: Emprenet
... B20: 8934071200001278318 | C20: 345901012471005 | K20: Stock | L20: Emprenet

Sheet Costos
B3: Proveedor | C3: Costo | D3: Cantidad | E3: Costo Unitario
B4: Emprenet | C4: 8000 | D4: =COUNTIF(Principal!M:M,Costos!B4) -> 0 | E4: =C4/D4 -> #DIV/0!
B5: GlobalSat | C5: 0 | D5: =COUNTIF(Principal!M:M,Costos!B5) -> 0 | E5: =C5/D5 -> #DIV/0!
B6: Telcel | C6: 2100 | D6: =COUNTIF(Principal!M:M,Costos!B6) -> 0 | E6: =C6/D6 -> #DIV/0!
B7: TelcelPrep | C7: 200 | D7: =COUNTIF(Principal!M:M,Costos!B7) -> 0 | E7: =C7/D7 -> #DIV/0!
B8: WeMobile | C8: 1800 | D8: =COUNTIF(Principal!M:M,Costos!B8) -> 0 | E8: =C8/D8 -> #DIV/0!
B9: Zemnify | C9: =80*J9 -> 1692.44 | D9: =COUNTIF(Principal!M:M,Costos!B9) -> 0 | E9: =C9/D9 -> #DIV/0! | I9: #VALUE! | J9: {=_FV(I9,"Cierre anterior",TRUE)} -> 21.1555
B10: Wialon | C10: =940*J10 -> 16882.4 | D10: =COUNTIF(Principal!L:L,Costos!B10) -> 0 | E10: =C10/D10 -> #DIV/0! | I10: #VALUE! | J10: {=_FV(I10,"Cierre anterior",TRUE)} -> 17.96
B11: Imovit | C11: 320 | D11: =COUNTIF(Principal!L:L,Costos!B11) -> 3 | E11: =C11/D11 -> 106.66667

Sheet Reporte
A1: Fecha | B1: Proveedor | C1: Cantidad | D1: Costo Unitario
A2: 44347 | B2: Imovit | C2: 8 | D2: 40
A3: 44347 | B3: Wialon | C3: 329 | D3: 56.988857
A4: 44347 | B4: Zemnify | C4: 53 | D4: 36.806189
A5: 44347 | B5: WeMobile | C5: 43 | D5: 41.860465
A6: 44347 | B6: TelcelPrep | C6: 10 | D6: 20
A7: 44347 | B7: Telcel | C7: 40 | D7: 52.5
A8: 44347 | B8: GlobalSat | C8: 1 | D8: 0
A9: 44347 | B9: Emprenet | C9: 220 | D9: 36.363636

Sheet Hoja5

Sheet Baja28042021
A1: Num | B1: icc | C1: msisdn | D1: imei | E1: Nombre | F1: Imei Corto | G1: imei | H1: Equipos | I1: Grupo | J1: Grupos | K1: Plataforma | M1: Plat Num
A2: 24 | B2: 8934072100260760361 | C2: 345901000193266 | D2: 205475498 | E2: L200-Basilio Hernandez | F2: 205475498 | G2: 205475498 | H2: Suntech ST300R | I2: baja | J2: Austin Powder | K2: Cancelar | L2: Emprenet | M2: 1
A3: 38 | B3: 8934072100260950665 | C3: 345901005018036 | D3: 205913838 | E3: C3-Grua Intern 2012 (3) JESUS | F3: 205913838 | G3: 205913838 | H3: Suntech ST300R | I3: baja | J3: Grupo Aconcagua | K3: Cancelar | L3: Emprenet | M3: 1
A4: 39 | B4: 8934072100260950657 | C4: 345901000216195 | D4: 205913837 | E4: C-Grua - Mercedes - Patio (4) Oscar | G4: 205913837 | H4: Suntech ST300R | I4: baja | J4: Grupo Aconcagua | K4: Cancelar | L4: Emprenet | M4: 1
A5: 40 | B5: 8934072100260950681 | C5: 345901005051131 | D5: 205913846 | E5: C-Grua 2004 (2) Salvador | F5: 205913846 | G5: 205913846 | H5: Suntech ST300R | I5: baja | J5: Grupo Aconcagua | K5: Cancelar | L5: Emprenet | M5: 1
A7: 255 | B7: 3781165092 | C7: 3781165092 | D7: 010068819 | E7: RAM 4000 Edgar | F7: 010068819 | H7: ST600R | I7: baja | J7: Cancelar | K7: Cancelar | L7: Telcel | M7: 1
A8: 286 | B8: 3339561883 | C8: 3339561883 | D8: 0520000260 | E8: (49) Ram 350 FB-86332 | F8: 868446031790690 | H8: Suntech ST600-UP | I8: baja | J8: Cancelar | K8: Cancelar | L8: Telcel | M8: 1

Sheet Hoja2
A1: Emprenet | F1: Wialon
A2: #04 International JU-51 132 | B2: 205475494 | C2: 205475494 | D2: Suntech ST300R | E2: GrupoAconcaguaMX | F2: #04 International JU-51 132 | G2: GrupoAconcaguaMX | H2: Grupo AconcaguaMX | I2: Suntech ST300R | J2: 205475494
A3: (53) Ram Gris FB-86338 Abraham Hdz | B3: 864802030384006 | C3: 864802030384006 | D3: Queclink GV75 | E3: ImplementosDgo | F3: (53) Ram Gris FB-86338 Abraham Hdz | G3: ImplementosDgo | H3: ImplementosDgo | I3: Queclink GV75 | J3: 864802030384006
F4: (55) Ram FB-86329 | G4: ImplementosDgo | H4: ImplementosDgo | I4: Skypatrol TT8750 | J4: 011722002277552
A5: (57) Kenworth FB-86327 ZAC (JOSE ALFONSO) | B5: 864802030312908 | C5: 864802030312908 | D5: Queclink GV75 | E5: ImplementosDgo | F5: (57) Kenworth FB-86327 ZAC (JOSE ALFONSO) | G5: ImplementosDgo | H5: ImplementosDgo | I5: Queclink GV75 | J5: 864802030312908
A6: (62) Colorado FB-86317 | B6: 205929247 | C6: 205929247 | D6: Suntech ST300R | E6: ImplementosDgo | F6: (62) Colorado FB-86317 | G6: ImplementosDgo | H6: ImplementosDgo | I6: Suntech ST300R | J6: 205929247
A7: (65) Ranger FB-86318 Hazael | B7: 863286020813847 | C7: 863286020813847 | D7: Queclink GV300 | E7: ImplementosDgo | F7: (65) Ranger FB-86318 Hazael | G7: ImplementosDgo | H7: ImplementosDgo | I7: Queclink GV300 | J7: 863286020813847
A8: (78) Hilux FB-86336 Roberto S | B8: 864802030318186 | C8: 864802030318186 | D8: Queclink GV75 | E8: ImplementosDgo | F8: (78) Hilux FB-86336 Roberto S | G8: ImplementosDgo | H8: ImplementosDgo | I8: Queclink GV75 | J8: 864802030318186
A9: (80) Kenworth FB-86339 (JESUS BUEN ROSTRO) | B9: 868789022565666 | C9: 868789022565666 | D9: Queclink GV300 | E9: ImplementosDgo | F9: (80) Kenworth FB-86339 (JESUS BUEN ROSTRO) | G9: ImplementosDgo | H9: ImplementosDgo | I9: Queclink GV300 | J9: 868789022565666
A10: (87) Ranger FB-86344 Daniel Razo | B10: 864802030331445 | C10: 864802030331445 | D10: Queclink GV75 | E10: ImplementosDgo | F10: (87) Ranger FB-86344 Daniel Razo | G10: ImplementosDgo | H10: ImplementosDgo | I10: Queclink GV75 | J10: 864802030331445
A11: (88) Silverado FM9848-A Victor | B11: 864802030314599 | C11: 864802030314599 | D11: Queclink GV75 | E11: ImplementosDgo | F11: (88) Silverado FM9848-A Victor | G11: ImplementosDgo | H11: ImplementosDgo | I11: Queclink GV75 | J11: 864802030314599
F12: 06 NISSAN GM 51 233 | G12: E_Migliore | H12: E_Migliore | I12: Cellocator CR200 | J12: 1095691
A13: 1 Isuzu GG 41 054 A | B13: 868789026072743 | C13: 868789026072743 | D13: Queclink GV300 | E13: E_Migliore | F13: 1 Isuzu GG 41 054 A | G13: E_Migliore | H13: E_Migliore | I13: Queclink GV300 | J13: 868789026072743
A14: 2 Isuzu GR-36332 | B14: 868789021389787 | C14: 868789021389787 | D14: Queclink GV300 | E14: E_Migliore | F14: 2 Isuzu GR-36332 | G14: E_Migliore | H14: E_Migliore | I14: Queclink GV300 | J14: 868789021389787
A15: 3 Isuzu GP 239 70 | B15: 868789021396733 | C15: 868789021396733 | D15: Queclink GV300 | E15: E_Migliore | F15: 3 Isuzu GP 239 70 | G15: E_Migliore | H15: E_Migliore | I15: Queclink GV300 | J15: 868789021396733
A16: 4 Isuzu GN-29478 | B16: 868789021389886 | C16: 868789021389886 | D16: Queclink GV300 | E16: E_Migliore | F16: 4 Isuzu GN-29478 | G16: E_Migliore | H16: E_Migliore | I16: Queclink GV300 | J16: 868789021389886
A17: A HIACE JNH-85-67 | B17: 205463388 | C17: 205463388 | D17: Suntech ST300R | E17: AutorentGDL | F17: A HIACE JNH-85-67 | G17: AutorentGDL | H17: AutorentGDL | I17: Suntech ST300R | J17: 205463388
A18: A TOWN & COUNTRY JMZ-61-80 | B18: 205496941 | C18: 205496941 | D18: Suntech ST300R | E18: AutorentGDL | F18: A TOWN & COUNTRY JMZ-61-80 | G18: AutorentGDL | H18: AutorentGDL | I18: Suntech ST300R | J18: 205496941
A19: A VENTO NEGRO JNG-7919 | B19: 862193027825223 | C19: 862193027825223 | D19: Queclink GV55 | E19: AutorentGDL | F19: A VENTO NEGRO JNG-7919 | G19: AutorentGDL | H19: AutorentGDL | I19: Queclink GV55 | J19: 862193027825223
A20: Aveo Morelia | B20: 863830031811546 | C20: 863830031811546 | D20: Queclink GV55 | E20: IDAsesoria | F20: Aveo Morelia | G20: IDAsesoria | H20: IDAsesoria | I20: Queclink GV55 | J20: 863830031811546
A21: AVEO OFICINA - Erik Gonzalez | B21: 863830030158568 | C21: 863830030158568 | D21: Queclink GV55 | E21: Sidney_GDL | F21: AVEO OFICINA - Erik Gonzalez | G21: Sidney_GDL | H21: Sidney_GDL | I21: Queclink GV55 | J21: 863830030158568
A22: AVEO UKD-750-N | B22: 205462898 | C22: 205462898 | D22: Suntech ST300R | E22: AutorentGDL | F22: AVEO UKD-750-N | G22: AutorentGDL | H22: AutorentGDL | I22: Suntech ST300R | J22: 205462898
A23: B HIACE JNX-93-37 | B23: 862193028800316 | C23: 862193028800316 | D23: Queclink GV55 | E23: AutorentGDL | F23: B HIACE JNX-93-37 | G23: AutorentGDL | H23: AutorentGDL | I23: Queclink GV55 | J23: 862193028800316
A24: B TOWN & COUNTRY JNK-6142 | B24: 205475418 | C24: 205475418 | D24: Suntech ST300R | E24: AutorentGDL | F24: B TOWN & COUNTRY JNK-6142 | G24: AutorentGDL | H24: AutorentGDL | I24: Suntech ST300R | J24: 205475418
... A41: CHEVROLET CORRALES | B41: 007354146 | C41: 007354146 | D41: Suntech ST300R | E41: Zacaula2 | F41: CHEVROLET CORRALES | G41: Zacaula2 | H41: Zacaula2 | I41: Suntech ST300R | J41: 007354146
F42: Chevrolet Migliore | G42: E_Migliore | H42: E_Migliore | I42: Suntech ST215 I/E | J42: 844592
A43: Cheyenne | B43: 205913844 | C43: 205913844 | D43: Suntech ST300R | E43: DenisseCasas | F43: Cheyenne | G43: DenisseCasas | H43: DenisseCasas | I43: Suntech ST300R | J43: 205913844
A44: CITY JNG-92-81 | B44: 205462893 | C44: 205462893 | D44: Suntech ST300R | E44: AutorentGDL | F44: CITY JNG-92-81 | G44: AutorentGDL | H44: AutorentGDL | I44: Suntech ST300R | J44: 205462893
A45: C-NP300 2015 (6) Benajmin | B45: 205913839 | C45: 205913839 | D45: Suntech ST300R | E45: Sistelec | F45: C-NP300 2015 (6) Benajmin | G45: Sistelec | H45: Sistelec | I45: Suntech ST300R | J45: 205913839
A46: C-NP300 2018 (8) Rene | B46: 863830030007294 | C46: 863830030007294 | D46: Queclink GV55 | E46: Sistelec | F46: C-NP300 2018 (8) Rene | G46: Sistelec | H46: Sistelec | I46: Queclink GV55 | J46: 863830030007294
A47: C-NP300 Mensajeria Aldair (7) | B47: 007354147 | C47: 007354147 | D47: Suntech ST300R | E47: Sistelec | F47: C-NP300 Mensajeria Aldair (7) | G47: Sistelec | H47: Sistelec | I47: Suntech ST300R | J47: 007354147
A48: C-Ram Rene (5) | B48: 205913335 | C48: 205913335 | D48: Suntech ST300R | E48: Sistelec | F48: C-Ram Rene (5) | G48: Sistelec | H48: Sistelec | I48: Suntech ST300R | J48: 205913335
A49: D VENTO UPH-744-A | B49: 205475422 | C49: 205475422 | D49: Suntech ST300R | E49: AutorentGDL | F49: D VENTO UPH-744-A | G49: AutorentGDL | H49: AutorentGDL | I49: Suntech ST300R | J49: 205475422
F50: Dina 1994 | G50: DavidVarela | H50: DavidVarela | I50: Cellocator CR200 | J50: 1091217
F51: Equipo 093 | G51: Sidney_Explosivos | H51: Sidney_Explosivos | I51: Suntech ST4300 | J51: 0470000093
F52: Equipo 094 | G52: Sidney_Explosivos | H52: Sidney_Explosivos | I52: Suntech ST4300 | J52: 0470000094
F53: Equipos 196 | G53: Sidney_Explosivos | H53: Sidney_Explosivos | I53: Suntech ST4300 | J53: 0470000196
A54: F350 LB-53-879 | B54: 008596481 | C54: 008596481 | D54: Suntech ST600R | E54: GrupoCarmich | F54: F350 LB-53-879 | G54: GrupoCarmich | H54: GrupoCarmich | I54: Suntech ST600R | J54: 008596481
A55: F350-2005 | B55: 868789022709603 | C55: 868789022709603 | D55: Queclink GV300 | E55: Plasticos_VPSA | F55: F350-2005 | G55: Plasticos_VPSA | H55: Plasticos_VPSA | I55: Queclink GV300 | J55: 868789022709603
A56: F350-2018 | B56: 007391151 | C56: 007391151 | D56: Suntech ST300R | E56: Plasticos_VPSA | F56: F350-2018 | G56: Plasticos_VPSA | H56: Plasticos_VPSA | I56: Suntech ST300R | J56: 007391151
A57: F-450 LB-97906 | B57: 008596544 | C57: 008596544 | D57: Suntech ST600R | E57: GrupoCarmich | F57: F-450 LB-97906 | G57: GrupoCarmich | H57: GrupoCarmich | I57: Suntech ST600R | J57: 008596544
A58: F450-2017 | B58: 868789022706302 | C58: 868789022706302 | D58: Queclink GV300 | E58: Plasticos_VPSA | F58: F450-2017 | G58: Plasticos_VPSA | H58: Plasticos_VPSA | I58: Queclink GV300 | J58: 868789022706302
A59: F450-2019-6321 | B59: 868789021390124 | C59: 868789021390124 | D59: Queclink GV300 | E59: Plasticos_VPSA | F59: F450-2019-6321 | G59: Plasticos_VPSA | H59: Plasticos_VPSA | I59: Queclink GV300 | J59: 868789021390124
A60: Fansa 336-EG2 | B60: 863830031913300 | C60: 863830031913300 | D60: Queclink GV55 | E60: TransportesGomo | F60: Fansa 336-EG2 | G60: TransportesGomo | H60: TransportesGomo | I60: Queclink GV55 | J60: 863830031913300
A61: FLD120 1992 | B61: 205475507 | C61: 205475507 | D61: Suntech ST300R | E61: DavidVarela | F61: FLD120 1992 | G61: DavidVarela | H61: DavidVarela | I61: Suntech ST300R | J61: 205475507
A62: Ford | B62: 007354271 | C62: 007354271 | D62: Suntech ST300R | E62: ElMundoGto | F62: Ford | G62: ElMundoGto | H62: ElMundoGto | I62: Suntech ST300R | J62: 007354271
A63: FORD F350 | B63: 008595832 | C63: 008595832 | D63: Suntech ST600R | E63: ElMundo1 | F63: FORD F350 | G63: ElMundo1 | H63: ElMundo1 | I63: Suntech ST600R | J63: 008595832
A64: Ford F-350 JW17183 | B64: 007391816 | C64: 007391816 | D64: Suntech ST300R | E64: AustinExplosivos | F64: Ford F-350 JW17183 | G64: AustinExplosivos | H64: Austin_Explosivos | I64: Suntech ST300R | J64: 007391816
A65: Ford F350 JW17184 | B65: 007391817 | C65: 007391817 | D65: Suntech ST300R | E65: AustinExplosivos | F65: Ford F350 JW17184 | G65: AustinExplosivos | H65: Austin_Explosivos | I65: Suntech ST300R | J65: 007391817
... A67: Freightliner | B67: 007353405 | C67: 007353405 | D67: Suntech ST300R | E67: TransportesFPJ | F67: Freightliner | G67: TransportesFPJ | H67: TransportesFPJ | I67: Suntech ST300R | J67: 007353405
F68: Freightliner 949-AT3 | G68: TransportesGomo | H68: TransportesGomo | I68: LMU-700 Series | J68: 1631173990
A69: Frontier Israel Glz | B69: 863830030150847 | C69: 863830030150847 | D69: Queclink GV55 | E69: Austin_GDL | F69: Frontier Israel Glz | G69: Austin_GDL | H69: Austin_GDL | I69: Queclink GV55 | J69: 863830030150847
A70: Frontier- Olaf Olivos | B70: 862193026534339 | C70: 862193026534339 | D70: Queclink GV55 | E70: Sidney_GDL | F70: Frontier- Olaf Olivos | G70: Sidney_GDL | H70: Sidney_GDL | I70: Queclink GV55 | J70: 862193026534339
A71: GDL 01 International | B71: 205475497 | C71: 205475497 | D71: Suntech ST300R | E71: GrupoAconcaguaNorte | F71: GDL 01 International | G71: GrupoAconcaguaNorte | H71: GrupoAconcaguaNorte | I71: Suntech ST300R | J71: 205475497
A72: GDL 02 Dina | B72: 205475511 | C72: 205475511 | D72: Suntech ST300R | E72: GrupoAconcaguaGDL | F72: GDL 02 Dina | G72: GrupoAconcaguaGDL | H72: GrupoAconcaguaGDL | I72: Suntech ST300R | J72: 205475511
A73: GDL 03 mercedes | B73: 205496940 | C73: 205496940 | D73: Suntech ST300R | E73: GrupoAconcaguaGDL | F73: GDL 03 mercedes | G73: GrupoAconcaguaGDL | H73: GrupoAconcaguaGDL | I73: Suntech ST300R | J73: 205496940
A74: GDL 05 Ford 4.5 Tons | B74: 862193027989847 | C74: 862193027989847 | D74: Queclink GV55 | E74: GrupoAconcaguaGDL | F74: GDL 05 Ford 4.5 Tons | G74: GrupoAconcaguaGDL | H74: GrupoAconcaguaGDL | I74: Queclink GV55 | J74: 862193027989847
A75: GDL 06 Nissan | B75: 862193028009645 | C75: 862193028009645 | D75: Queclink GV55 | E75: GrupoAconcaguaGDL | F75: GDL 06 Nissan | G75: GrupoAconcaguaGDL | H75: GrupoAconcaguaGDL | I75: Queclink GV55 | J75: 862193028009645
A76: GDL 07 Nissan | B76: 862193026620831 | C76: 862193026620831 | D76: Queclink GV55 | E76: GrupoAconcaguaGDL | F76: GDL 07 Nissan | G76: GrupoAconcaguaGDL | H76: GrupoAconcaguaGDL | I76: Queclink GV55 | J76: 862193026620831
A77: GDL 11 Dina | B77: 205475499 | C77: 205475499 | D77: Suntech ST300R | E77: GrupoAconcaguaGDL | F77: GDL 11 Dina | G77: GrupoAconcaguaGDL | H77: GrupoAconcaguaGDL | I77: Suntech ST300R | J77: 205475499
A78: GDL 12 International | B78: 205496937 | C78: 205496937 | D78: Suntech ST300R | E78: GrupoAconcaguaGDL | F78: GDL 12 International | G78: GrupoAconcaguaGDL | H78: GrupoAconcaguaGDL | I78: Suntech ST300R | J78: 205496937
A79: GDL 14 International | B79: 008441204 | C79: 008441204 | D79: Suntech ST600R | E79: GrupoAconcaguaGDL | F79: GDL 14 International | G79: GrupoAconcaguaGDL | H79: GrupoAconcaguaGDL | I79: Suntech ST600R | J79: 008441204
A80: GDL 15 International | B80: 008441375 | C80: 008441375 | D80: Suntech ST600R | E80: GrupoAconcaguaGDL | F80: GDL 15 International | G80: GrupoAconcaguaGDL | H80: GrupoAconcaguaGDL | I80: Suntech ST600R | J80: 008441375
A81: GDL 16 Ford 3.5 Tons | B81: 007391803 | C81: 007391803 | D81: Suntech ST300R | E81: GrupoAconcaguaGDL | F81: GDL 16 Ford 3.5 Tons | G81: GrupoAconcaguaGDL | H81: GrupoAconcaguaGDL | I81: Suntech ST300R | J81: 007391803
F82: GDL 17 Kodiak | G82: GrupoAconcaguaGDL | H82: GrupoAconcaguaGDL | I82: Suntech ST4300 | J82: 0470000199
A83: GDL CR-V | B83: 863830030044677 | C83: 863830030044677 | D83: Queclink GV55 | E83: IDAsesoria | F83: GDL CR-V | G83: IDAsesoria | H83: IDAsesoria | I83: Queclink GV55 | J83: 863830030044677
A84: GRAND CARAVAN JPD-79-44 | B84: 205462895 | C84: 205462895 | D84: Suntech ST300R | E84: AutorentGDL | F84: GRAND CARAVAN JPD-79-44 | G84: AutorentGDL | H84: AutorentGDL | I84: Suntech ST300R | J84: 205462895
A85: Grua 02 Mario | B85: 863830031811629 | C85: 863830031811629 | D85: Queclink GV55 | E85: MutualidadMinerva | F85: Grua 02 Mario | G85: MutualidadMinerva | H85: MutualidadMinerva | I85: Queclink GV55 | J85: 863830031811629
A86: Grua 03 CHAVA | B86: 864802030418853 | C86: 864802030418853 | D86: Queclink GV55 | E86: MutualidadMinerva | F86: Grua 03 CHAVA | G86: MutualidadMinerva | H86: MutualidadMinerva | I86: Queclink GV55 | J86: 864802030418853
A87: Highlander | B87: 008510562 | C87: 008510562 | D87: Suntech ST600R | E87: GrupoCarmich | F87: Highlander | G87: GrupoCarmich | H87: GrupoCarmich | I87: Suntech ST600R | J87: 008510562
A88: Hilux- Alfredo Garnica | B88: 205475506 | C88: 205475506 | D88: Suntech ST300R | E88: Austin_GDL | F88: Hilux- Alfredo Garnica | G88: Austin_GDL | H88: Austin_GDL | I88: Suntech ST300R | J88: 205475506
A89: Hilux Bazar | B89: 205495795 | C89: 205495795 | D89: Suntech ST300R | E89: MuebleriaBazar | F89: Hilux Bazar | G89: MuebleriaBazar | H89: MuebleriaBazar | I89: Suntech ST300R | J89: 205495795
F90: HILUX FB86319 ROGELIO ROMERO | G90: ImplementosDgo | H90: ImplementosDgo | I90: Suntech ST4300 | J90: 0470000197
A91: Hilux JW-19554 | B91: 008441190 | C91: 008441190 | D91: Suntech ST600R | E91: Sidney_Explosivos | F91: Hilux JW-19554 | G91: Sidney_Explosivos | H91: Sidney_Explosivos | I91: Suntech ST600R | J91: 008441190
A92: Hino | B92: 205912877 | C92: 205912877 | D92: Suntech ST300R | E92: Tornimaster | F92: Hino | G92: Tornimaster | H92: Tornimaster | I92: Suntech ST300R | J92: 205912877
A93: Hino 2019 | B93: 867688038832253 | C93: 867688038832253 | D93: Ruptela FM Eco4 Light | E93: Isasa01 | F93: Hino 2019 | G93: Isasa01 | H93: ISASA | I93: Ruptela FM Eco4 Light | J93: 867688038832253
A94: Honda Accord | B94: 862193027800473 | C94: 862193027800473 | D94: Queclink GV55 | E94: Vika | F94: Honda Accord | G94: Vika | H94: Vika | I94: Queclink GV55 | J94: 862193027800473
A95: Honda Fit | B95: 863830030150896 | C95: 863830030150896 | D95: Queclink GV55 | E95: TransportesAyala | F95: Honda Fit | G95: TransportesAyala | H95: TransportesAyala | I95: Queclink GV55 | J95: 863830030150896
A96: Hyundai Eduardo Salazar | B96: 863830031441658 | C96: 863830031441658 | D96: Queclink GV55 | E96: AustinTorreon | F96: Hyundai Eduardo Salazar | G96: AustinTorreon | H96: AustinTorreon | I96: Queclink GV55 | J96: 863830031441658
A97: International 511-ES8 | B97: 862193020685533 | C97: 862193020685533 | D97: Queclink GV55 | E97: RicoOchoa | F97: International 511-ES8 | G97: RicoOchoa | H97: RicoOchoa | I97: Queclink GV55 | J97: 862193020685533
F98: Isaac | G98: KlifnetDemo | H98: KlifnetDemo | I98: WiaTag | J98: 12121200
A99: Isuzu ELF300 | B99: 205912878 | C99: 205912878 | D99: Suntech ST300R | E99: Tornimaster | F99: Isuzu ELF300 | G99: Tornimaster | H99: Tornimaster | I99: Suntech ST300R | J99: 205912878
A100: Isuzu nuevo | B100: 868789021430532 | C100: 868789021430532 | D100: Queclink GV300 | E100: MexicanaEnvases | F100: Isuzu nuevo | G100: MexicanaEnvases | H100: MexicanaEnvases | I100: Queclink GV300 | J100: 868789021430532
A101: Jamoneta | B101: 008595223 | C101: 008595223 | D101: Suntech ST600R | E101: SandraDennisse | F101: Jamoneta | G101: SandraDennisse | H101: SandraDennisse | I101: Suntech ST600R | J101: 008595223
A102: JEEP COMPASS JLN-5278 | B102: 862193028798866 | C102: 862193028798866 | D102: Queclink GV55 | E102: AutorentGDL | F102: JEEP COMPASS JLN-5278 | G102: AutorentGDL | H102: AutorentGDL | I102: Queclink GV55 | J102: 862193028798866
A103: Jeep Patriot-ALVARO MINAKATA | B103: 205475504 | C103: 205475504 | D103: Suntech ST300R | E103: Sidney_GDL | F103: Jeep Patriot-ALVARO MINAKATA | G103: Sidney_GDL | H103: Sidney_GDL | I103: Suntech ST300R | J103: 205475504
A104: Jetta ANTONIO NAVARRO | B104: 205495164 | C104: 205495164 | D104: Suntech ST300R | E104: Sidney_GDL | F104: Jetta ANTONIO NAVARRO | G104: Sidney_GDL | H104: Sidney_GDL | I104: Suntech ST300R | J104: 205495164
A105: JETTA UKE-292-U | B105: 205462897 | C105: 205462897 | D105: Suntech ST300R | E105: AutorentGDL | F105: JETTA UKE-292-U | G105: AutorentGDL | H105: AutorentGDL | I105: Suntech ST300R | J105: 205462897
A106: Kenwort 832-AR5 | B106: 007288520 | C106: 007288520 | D106: Suntech ST300R | E106: TransportesGomo | F106: Kenwort 832-AR5 | G106: TransportesGomo | H106: TransportesGomo | I106: Suntech ST300R | J106: 007288520
F107: KENWORTH | G107: ServicioAvila | H107: ServicioAvila | I107: LMU-700 Series | J107: 1631173963
A108: Kenworth | B108: 868789021809859 | C108: 868789021809859 | D108: Queclink GV300 | E108: MinasDerrumbadas | F108: Kenworth | G108: MinasDerrumbadas | H108: MinasDerrumbadas | I108: Queclink GV300 | J108: 868789021809859
A109: Kenworth 171-AJ4 | B109: 862193027990753 | C109: 862193027990753 | D109: Queclink GV55 | E109: TransportesGonzalez | F109: Kenworth 171-AJ4 | G109: TransportesGonzalez | H109: TransportesGonzalez | I109: Queclink GV55 | J109: 862193027990753
A110: Kenworth 50-ae-1j | B110: 008508023 | C110: 008508023 | D110: Suntech ST600R | E110: GrupoCarmich | F110: Kenworth 50-ae-1j | G110: GrupoCarmich | H110: GrupoCarmich | I110: Suntech ST600R | J110: 008508023
A111: Kenworth 749-EH6 | B111: 008511587 | C111: 008511587 | D111: Suntech ST600R | E111: GrupoCarmich | F111: Kenworth 749-EH6 | G111: GrupoCarmich | H111: GrupoCarmich | I111: Suntech ST600R | J111: 008511587
A112: Kenworth 864-AL7 | B112: 205495480 | C112: 205495480 | D112: Suntech ST300R | E112: TransportesGomo | F112: Kenworth 864-AL7 | G112: TransportesGomo | H112: TransportesGomo | I112: Suntech ST300R | J112: 205495480
A113: Kenworth Azul | B113: 868789021007165 | C113: 868789021007165 | D113: Queclink GV300 | E113: TransportesAyala | F113: Kenworth Azul | G113: TransportesAyala | H113: TransportesAyala | I113: Queclink GV300 | J113: 868789021007165
A114: KW 61-AK-8G | B114: 007353407 | C114: 007353407 | D114: Suntech ST300R | E114: DistribuidoraPremio999 | F114: KW 61-AK-8G | G114: DistribuidoraPremio999 | H114: DistribuidoraPremio | I114: Suntech ST300R | J114: 007353407
A115: KW 647-AF3 | B115: 007354274 | C115: 007354274 | D115: Suntech ST300R | E115: DistribuidoraPremio999 | F115: KW 647-AF3 | G115: DistribuidoraPremio999 | H115: DistribuidoraPremio | I115: Suntech ST300R | J115: 007354274
A116: L200- Edgar Ortiz | B116: 868789023141020 | C116: 868789023141020 | D116: Queclink GV300 | E116: Austin_GDL | F116: L200- Edgar Ortiz | G116: Austin_GDL | H116: Austin_GDL | I116: Queclink GV300 | J116: 868789023141020
A117: L200 -EDUARDO AGUILERA | B117: 864802030443760 | C117: 864802030443760 | D117: Queclink GV55 | E117: Sidney_GDL | F117: L200 -EDUARDO AGUILERA | G117: Sidney_GDL | H117: Sidney_GDL | I117: Queclink GV55 | J117: 864802030443760
...

Sheet Hoja3
A2: Num | B2: Serie GPS | C2: Unidad
A3: 1 | B3: 867688033153531 | C3: A-10 INTERNACIONAL
A4: 2 | B4: 867688036747636 | C4: A-14 International JR-95-591
A5: 3 | B5: 867688036625501 | C5: A-17 HYUNDAI JW44682
A6: 4 | B6: 867688036639387 | C6: A-19 HYUNDAI JW44680
A7: 5 | B7: 867688036640583 | C7: A-21 Hyundai JW-44-681
A8: 6 | B8: 863003042043653 | C8: A-22 International
A9: 7 | B9: 867688036641292 | C9: A-23 Hyundai JW-44-766
A10: 8 | B10: 867688036616989 | C10: A-25 Hyundai JW-44-683
A11: 9 | B11: 863003042119503 | C11: A-27 Izusu JU-87-908
A12: 10 | B12: 867688036627275 | C12: A-30 Kenworth
A13: 11 | B13: 867688033163472 | C13: A-32 Ford
A14: 12 | B14: 863003042123430 | C14: A-33 Sterling
A15: 13 | B15: 863003042077420 | C15: A-34 Mercedes Benz JS-40-621
C20: 8934071200000906919
B21: 3320313792 | C21: 8934075200004640106
B22: 3328200966 | C22: 8934075200004640114
B23: 3329211707 | C23: 8934075200004640122 | D23: pend
B24: 3329211871 | C24: 8934075200004640130 | D24: pend
B25: 3329211890 | C25: 8934075200004640148
B26: 3329211898 | C26: 8934075200004640155
B27: 3329211944 | C27: 8934075200004640163
B28: 3329212042 | C28: 8934075200004640171
B29: 3329212052 | C29: 8934075200004700876
B30: 3329216026 | C30: 8934075200004700884
B31: 3315761332
B32: 3334840708
B33: 3329465176
B34: 3338225936
B35: 3313255752
D39: 0680015866 | E39: 868199054724449 | G39: 39.75 | H39: 27.45
D40: 0680015867 | E40: 868199054609731 | G40: =G39/53 -> 0.75 | H40: =H39/53 -> 0.51792453
D41: 0680015868 | E41: 868199054607859 | G41: =25*G40 -> 18.75 | H41: =25*H40 -> 12.948113 | I41: =G41+H41 -> 31.698113
D42: 0680015869 | E42: 868199054586178
D43: 0680015870 | E43: 868199054622783
D44: 0680015871 | E44: 868199054606091
D45: 0680015872 | E45: 868199054651642
D46: 0680015873 | E46: 868199054609335
D47: 0680015874 | E47: 868199054608261
D48: 0680015875 | E48: 868199054609798
D50: 0680015860 | E50: 868199054609674
D51: 0680015861 | E51: 868199054608451
D52: 0680015862 | E52: 868199054584306
D53: 0680015863 | E53: 868199054616470
D54: 0680015864 | E54: 868199054622627
... D76: 0680015949 | E76: 868199054710752

Sheet Sugerencia1
A2: Etiquetas de fila | B2: Cuenta de Nombre
A3: Cancelar | B3: 7
A4: Corporativo | B4: 3
A5: Disponible
A6: IMovit | B6: 8
A7: TrackSolid | B7: 25
A8: Ventas IOT | B8: 18
A9: Wialon | B9: 417
A10: (en blanco) | B10: 1
A11: Total general | B11: 479

Sheet Sugerencia2
A2: Etiquetas de fila | B2: Cuenta de Nombre
A3: 01 Emprenet | B3: 176
A4: 02 Emnify | B4: 188
A5: 03 GlobalSat | B5: 1
A6: 04 Telcel | B6: 35
A7: 05 WeMobile | B7: 36
A8: 06 M2MExpress | B8: 1
A9: 07 TelcelPrep | B9: 15
A10: 08 BajaWemobile | B10: 7
A11: 09 Telcel Bajas | B11: 1
A12: 10 Propios | B12: 19
A13: Total general | B13: 479

Sheet Sugerencia3
A2: Etiquetas de fila | B2: Cuenta de Nombre
A3: Cellocator CR200 | B3: 1
A4: Cellocator CR300 | B4: 2
A5: Concox AT4 | B5: 3
A6: Concox AT6 | B6: 13
A7: Concox GT06E | B7: 4
A8: Concox GT06N | B8: 11
A9: Concox Q2 | B9: 1
A10: Concox R83 | B10: 4
A11: Concox WeTrack lite (GV25) | B11: 1
A12: Concox Wetrack2 | B12: 1
A13: ConcoxGT06E | B13: 6
A14: Globalstar SmartOne | B14: 1
... A46: Total general | B46: 479

Sheet Hoja1

Sheet Sugerencia4
A2: Etiquetas de fila | B2: Cuenta de Nombre
A3: ADRIAN JESUS MUNOZ | B3: 2
A4: AgricolaCharay | B4: 1
A5: AGSonorg | B5: 18
A6: AUPANohme | B6: 6
A7: Austin_Explosivos | B7: 7
A8: Austin_GDL | B8: 6
A9: AustinTorreon | B9: 31
A10: AyuntamientoHillo | B10: 1
A11: baja | B11: 8
A12: Bernardo | B12: 18
A13: CenMex | B13: 1
A14: CiriloOrtega | B14: 3
... A84: Zacaula2 | B84: 1
A85: (en blanco)
A86: Total general | B86: 479
